0;2444;407;156.09059233449477;38.76190476190476;0
1;2162;125;150.14700514352083;46.9750566893424;0
2;2238;201;167.8078014016292;61.64409890940503;0
3;1868;169;159.4846426154113;71.86847044184265;0
4;2574;537;236.06101811545344;116.16671135214335;0
5;1390;647;226.39434740062512;166.72226265193922;0
6;2238;201;270.8655013067212;169.98680906604025;0
7;1836;201;254.0653025759998;172.94044629784594;0
8;1836;201;256.6072830507594;175.61278474567013;0
9;1336;701;279.8130934919182;225.64966238893965;0
10;1749;288;305.6078975960561;231.5877897804692;0
11;2542;505;369.05987482848747;257.627047896615;0
12;1803;234;330.8706649145084;255.37685285884214;0
13;2433;396;374.3417514151011;268.76953353895243;0
14;1423;614;356.34869262760014;301.6486255828617;0
15;1901;136;364.6592701009298;285.8725660035416;0
16;1336;701;374.70565784973786;325.4085120984424;0
17;2031;6;379.6721341056281;294.98865380335263;0
18;2270;233;385.71497383075996;289.0849724887476;0
19;1792;245;358.4041400861347;284.8864036802955;0
20;1564;473;364.323838707432;302.8019842821721;0
21;2401;364;410.6971781104408;308.63036673148906;0
22;2281;244;398.9885037723965;302.4750937094425;0
23;1705;332;373.5656729833878;305.28698954663844;0
24;1879;158;368.7104056376993;291.25965720886336;0
25;2401;364;400.76353773724475;298.1873089032573;0
26;1749;288;368.0357675926988;297.217089007709;0
27;2216;179;380.10669332719203;285.9583186260224;0
28;1901;136;351.155765507413;271.6765739949726;0
29;1684;353;347.9376786646629;279.42166218592763;0
30;2292;255;375.38379986036284;277.0957895967917;2000
31;1434;603;363.05456456587996;308.13428582566866;2000
32;2151;114;380.4430961635545;289.645306223224;2000
33;1564;473;368.41947957190354;307.10765801148835;2000
34;2162;125;381.09265341058403;289.76407153420377;2000
35;1760;277;360.3265702750813;288.5484456738034;2000
36;2422;385;401.3570246739702;297.73430799058406;2000
37;1521;516;377.1790037410253;318.5215167533856;2000
38;1879;158;380.10039943584053;303.2337532530631;2000
39;1466;571;384.2116273641345;328.7353005622952;2000
40;2281;244;416.29135623305547;320.6652719373147;2000
41;2140;103;389.69450232932655;299.9352460385228;2000
42;1738;299;370.0000201098088;299.8461749872349;2000
43;1629;408;374.48085443152274;310.1465392741649;2000
44;2422;385;419.9449310129573;317.27544029567304;2000
45;1531;506;393.5785148189242;335.2492078865613;2000
46;2194;157;409.7719663692705;318.2730928497459;2000
47;2075;38;378.5764945431611;291.5804173402463;2000
48;1542;495;371.00474941826076;310.9537109268895;2000
49;1857;180;374.5072006931767;298.48192893385243;2000
50;1597;440;374.644726294988;311.9598404639617;2000
51;2205;168;391.2616048592283;298.2493794673939;2000
52;1553;484;376.28430915834946;315.9399147562135;2000
53;2075;38;376.5684980654521;289.4694466841932;2000
54;2368;331;394.62353077001995;293.4247374761748;2000
55;1401;636;378.4874918348961;326.05095295463434;2000
56;2183;146;400.3225971421418;308.9032431494311;2000
57;1955;82;368.6449514212874;287.2934104685329;2000
58;1575;462;365.93544385270945;303.93213328105355;2000
59;2031;6;361.1889788167952;275.5576443971437;2000
60;1738;299;349.0199936100853;277.7902496926538;2000
61;1933;104;342.78812429994946;261.2387973409725;2000
62;2270;233;356.66893011574984;258.54938807040367;2000
63;1575;462;341.1975569804519;277.9256368256033;2000
64;2151;114;354.4447118324879;262.3136714136411;2000
65;1521;516;346.69504125146113;286.47427413615145;2000
66;2064;27;349.67646589417916;261.76243850413704;2000
67;1629;408;341.70495578579045;275.68982531326685;2000
68;2205;168;360.046644084937;265.4336514739081;2000
69;1760;277;339.3871495263251;266.53520847639305;2000
70;1521;516;350.3282107793348;290.2937600500699;2000
71;2107;70;358.95665063542606;269.3134019500633;2000
72;1879;158;337.75055847270255;258.7121255738668;2000
73;1738;299;334.52228228831046;262.5490659954033;2000
74;2292;255;360.86278502043416;261.8301073291744;2000
75;1640;397;341.30326310211177;274.7034304406816;2000
76;1738;299;348.2848338635831;277.017389446331;2000
77;1510;527;359.80939091722564;300.825257118109;2000
78;2194;157;380.1457787741217;287.127613583051;2000
79;2053;16;348.7056465331484;261.3059360989509;2000
80;1749;288;336.2946558064142;263.8482278990508;0
81;2498;461;390.69168045667436;282.62458714676023;0
82;1857;180;350.1263868475602;272.8508169423069;0
83;2390;353;383.3872884486056;280.484072471611;0
84;1618;419;358.27723310274536;293.6760655695528;0
85;2086;49;358.9407254204862;270.3735831343573;0
86;2053;16;334.28667259298345;246.14752759775186;0
87;1749;288;323.2489174795983;250.1334773503469;0
88;1738;299;327.1392644792184;254.78743188840912;0
89;2401;364;369.37454939525105;265.1886288514178;0
90;1564;473;347.371398349478;284.9801880084256;0
91;2086;49;351.45681685742557;262.50588438857557;0
92;1966;71;328.2541931845929;244.26722873252075;0
93;2335;298;351.12197037258755;249.38463551989972;0
94;2107;70;323.74914624883354;232.3003845180045;0
95;1564;473;319.0668814492931;255.2241574210517;0
96;2086;49;325.8479682334487;235.58376147618964;0
97;1694;343;316.4571048244559;245.81387943083826;0
98;2194;157;332.80149205371794;237.35541472313938;0
99;1760;277;315.2222558767088;241.13108951141183;0
100;2270;233;339.36369027637187;240.35670003413452;0
101;1684;353;320.9829439318161;251.08463336421696;0
102;1912;125;320.6825938709463;239.07657304381533;0
103;2227;190;331.6024862084404;234.4026137063091;0
104;2118;81;312.3883121444542;219.7928409723749;0
105;1847;190;296.46979693441324;216.95542754643444;0
106;2107;70;295.8396885155725;202.9596725420121;0
107;1836;201;282.44264501002436;202.77303706182047;0
108;2433;396;329.0694778894413;221.17560496069473;0
109;1618;419;307.2347540950927;240.01602353586665;0
110;2238;201;333.94410387929986;236.300211770546;0
111;1781;256;313.43607075722946;238.17638207811305;0
112;2325;288;344.48629398360254;242.9214885468642;0
113;1575;462;327.74776192012354;263.78610868525806;0
114;2151;114;342.27584963504785;249.52076500094776;0
115;1923;114;318.87675594158225;236.614025477048;0
116;1727;310;315.96398708303434;243.60316590780533;0
117;1944;93;312.9058605548011;229.2600072499191;0
118;2259;222;327.61401320811854;228.56857798802204;0
119;1705;332;309.95971694439527;238.41918960821042;0
120;2086;49;311.3851562133379;220.37926678838085;0
121;1944;93;292.91874180045323;208.2479080466303;0
122;2335;298;320.12276406800584;216.7957263279036;0
123;2086;49;292.7754160383003;200.81518096334133;0
124;1694;343;286.5343195050359;214.35659230016597;0
125;2118;81;295.1361613175644;201.65596446205492;0
126;1716;321;286.3380600074131;213.02206308471636;0
127;2314;277;321.3047023760451;219.115199933791;0
128;1640;397;304.5416529046912;236.05660946390614;0
129;2086;49;309.35185553165445;218.24169427686746;0
130;1890;147;293.33692852399395;211.4567710124039;0
131;1705;332;295.23283080161593;222.9370785350321;0
132;1966;71;294.20020347788477;208.46688057931476;0
133;2596;559;356.68752440101304;241.85098719080858;0
134;2835;798;418.72889838372726;294.817559839303;0
135;2281;244;387.1008267606545;289.97779223555983;0
136;1944;93;352.8171243281647;271.21800249883984;0
137;2270;233;365.257305286458;267.5781927370456;0
138;1977;60;332.15962928937375;247.80884104780316;0
139;2585;548;389.01318375891077;276.3984752337267;0
140;586;1451;397.9108828666568;388.26528711622893;0
141;2086;49;440.3467802010751;355.9543073908738;0
142;1336;701;435.0199091482433;388.8158019250763;0
143;2151;114;449.879801656773;362.64286840840236;0
144;1401;636;438.0584965047923;388.67688094093546;0
145;2086;49;440.70100903279115;356.3267018037035;0
146;1890;147;412.1766388345462;336.390825441446;0
147;2498;461;453.1238114426382;348.258365875594;0
148;1618;419;416.6056319556506;354.99566436363267;0
149;2640;603;488.92658222235985;378.6151249004296;0
150;2259;222;456.15308658678083;363.69939871943626;2000
151;2086;49;419.20470900244163;333.7280274128233;2000
152;2911;874;508.39311070023473;385.1825009925544;2000
153;3129;1092;583.0595043385399;452.4984532789778;2000
154;1933;104;493.14675247354535;419.3081243952656;2000
155;2314;277;498.84009312066416;405.7549696909546;2000
156;1336;701;477.87971259117;433.8735440061018;2000
157;1760;277;484.3510988484569;418.9332064817111;2000
158;1390;647;486.9634216062113;440.6538534834529;2000
159;2357;320;523.2038390606721;429.16301029455263;2000
160;2748;711;567.8092806367753;456.00462836173807;2000
161;2248;211;521.223495489022;432.6708542320487;2000
162;1282;755;503.3020940603346;463.3688681147107;2000
163;2205;168;521.5683290046466;435.2384997228335;2000
164;2488;451;536.8010781586755;436.7395949873256;2000
165;2596;559;553.1452263479771;448.38344308377077;2000
166;3389;1352;673.688886556416;534.4421627900783;2000
167;2411;374;611.4467394047015;519.1619568100708;2000
168;2911;874;667.9825900072734;552.9560561614926;2000
169;1499;538;597.7496371842811;551.5316698603981;2000
170;2433;396;629.2206357335134;536.7191298736935;2000
171;2585;548;637.6572302397293;537.7934984571513;2000
172;2444;407;618.9302930972696;525.3369747945654;2000
173;2248;211;580.8927971228491;495.4001200522259;2000
174;1292;745;556.8704865954696;519.1715371901091;2000
175;1575;462;565.4960616235434;513.7266288862892;2000
176;1292;745;572.64277817043;535.7526642304521;2000
177;2335;298;601.9822580659292;513.1095533513615;2000
178;1216;821;575.2894065428094;542.4324530321842;2000
179;4030;1993;843.9679996479076;680.5817432195952;2000
180;2379;342;732.7585037464809;648.3358629129671;2000
181;1336;701;686.6514220888602;653.351495016494;2000
182;2792;755;766.8843876971221;663.0323050149232;2000
183;2248;211;699.397140552913;619.9816092992162;2000
184;1868;169;640.0050783864334;577.030979842148;2000
185;1564;473;615.7514007700715;567.1232674762291;2000
186;706;1331;643.0991186990543;639.873432478493;2000
187;2205;168;673.472954084278;594.9331055757793;2000
188;2314;277;649.9877250077265;564.6537621876099;2000
189;1390;647;612.3744921963054;572.4962610268851;2000
190;2292;255;627.6117647165179;542.2585218814675;2000
191;2107;70;575.8043724903222;497.2815197975182;2000
192;1618;419;544.8590083274809;489.8261369596593;2000
193;3411;1374;712.4217973137137;574.0331715349298;2000
194;2140;103;607.7498026798874;529.1728694839841;2000
195;2205;168;578.201040984474;494.77545334265227;2000
196;2107;70;534.9391532252095;454.3206482623997;2000
197;2086;49;497.1958192362813;415.71868176121876;2000
198;1933;104;461.49308151575275;386.0311882601503;2000
199;1607;430;449.5738797918367;390.218694140136;2000
200;2401;364;485.9303743993505;387.72167565059925;2000
201;1379;658;460.5618602289129;413.46246844578025;2000
202;1770;267;466.3666540282499;399.51366192713454;2000
203;2325;288;483.33754179791714;388.8933131721693;2000
204;3129;1092;586.2531301516578;455.8558547748198;2000
205;1423;614;517.3602652591655;470.9172019391227;2000
206;2596;559;582.5594037594541;479.30603984968246;2000
207;2335;298;553.4027590343957;462.0387979592365;2000
208;2118;81;508.2981989405276;425.7493886297854;2000
209;1586;451;484.6344912597805;428.154208760282;2000
210;1336;701;497.15710649404065;454.13952221168375;2000
211;1944;93;494.0991706839229;419.7452820010472;2000
212;1836;201;469.0142322448037;398.91239800094746;2000
213;2357;320;487.2800080356586;391.39693152466674;2000
214;1173;864;472.33812573725675;436.40674756993656;2000
215;1043;994;516.5103367587956;489.5108668489902;2000
216;1412;625;546.7846136296188;502.41459381575305;2000
217;2118;81;543.0467061759268;462.2798705952051;2000
218;1901;136;502.90288514639605;431.2055972051856;2000
219;2553;516;542.3894860964489;439.2812546142155;2000
220;1205;832;512.2106964798301;476.6830398890521;2000
221;1488;549;532.5669367686268;483.5703694234281;2000
222;1933;104;519.8880879706854;447.4208104307206;2000
223;2140;103;498.7837636807944;414.6188284849377;2000
224;467;1570;521.8426851420893;524.6551305339913;2000
225;2031;6;551.1491889961528;475.2594038164683;2000
226;3150;1113;663.5089642601661;535.9966034529951;2000
227;1205;832;595.4465541912537;564.1874031241384;2000
228;0;2037;670.0915978106697;704.4552694932681;2000
229;1336;701;734.9493085882831;704.126196208195;2000
230;1597;440;723.7532071896312;678.9713203788431;2000
231;1662;375;699.3864673643701;650.0216708189532;2000
232;1901;136;664.4785808093429;601.0672259790529;2000
233;2053;16;618.8906091178609;545.3465377905717;2000
234;1738;299;581.2076475061715;521.8849627628982;2000
235;2151;114;564.4027379875814;483.0387758330984;2000
236;1879;158;521.6884238006108;452.08270194423187;2000
237;1868;169;495.50671561054105;425.1224446162098;2000
238;2162;125;482.65938613311437;396.53935465276123;2000
239;1857;180;448.1645317046412;375.9165589715459;2000
240;1586;451;441.7470037141876;383.0673628790177;2000
241;2314;277;467.6503088192243;372.9657092714922;2000
242;2238;201;448.3642166900995;356.5880226742072;2000
243;1673;364;421.4747094095093;357.29392527666363;2000
244;1879;158;413.46898795587424;338.3135514407909;2000
245;2357;320;435.1269937486946;336.56940368452507;2000
246;2086;49;395.85589794452164;309.18184142885605;2000
247;1673;364;380.6756614387716;314.40261843563167;2000
248;2292;255;405.48936151080494;308.74522620366673;2000
249;2096;59;373.30338283033336;284.95996656522226;2000
250;2075;38;349.9063126885362;261.4399697494868;2000
251;2205;168;347.78283110844336;252.54092501144044;2000
252;1727;310;329.6711096788355;258.0132178674937;2000
253;2162;125;338.84064394867926;245.34529235630384;2000
254;1912;125;315.74316101744614;233.88383594141777;2000
255;1770;267;311.81640236073235;237.0377563279494;2000
256;2248;211;332.7746544007091;234.55797001100186;2000
257;1564;473;321.0098208805486;257.2667347718588;2000
258;1933;104;325.12502957717464;242.66990288882462;2000
259;1510;527;330.2490105001383;269.7489597565556;2000
260;1988;49;333.5679200692308;248.72524930355033;2000
261;1662;375;329.1050054981775;260.75141603654555;2000
262;2314;277;362.3818807004417;262.29890022354124;2000
263;1738;299;337.6091580321069;265.79424305939443;2000
264;1912;125;333.34208374798055;252.38526752992829;2000
265;2238;201;344.5894114281961;247.49143252707796;2000
266;1738;299;324.86544889961067;252.39701038164196;2000
267;2096;59;324.8085768789741;233.97824748815225;2000
268;2292;255;336.27396212394984;235.98031915594729;2000
269;1738;299;314.9586718868257;241.98219352204754;2000
270;2248;211;337.0299714283824;239.03150842470967;0
271;1879;158;311.689137912555;231.31422190807066;0
272;1781;256;309.1449923738448;233.66524839301633;0
273;2303;266;337.5376876413764;236.7447485460624;0
274;1738;299;315.61656059539166;242.67382011310409;0
275;1597;440;326.61475110779344;261.4667896261418;0
276;1857;180;331.91741128103496;253.70804775698545;0
277;1955;82;321.1424661880676;237.35490035155826;0
278;1933;104;307.9883637171947;224.65443365140985;0
279;2227;190;319.1904010867534;221.3540113988946;0
280;2411;374;341.9945673014877;235.8917245989999;0
281;1933;104;306.72911489879084;223.33060797052372;0
282;1618;419;309.08940825337754;241.96578816380716;0
283;2205;168;331.0228211723358;234.92142738630173;0
284;1944;93;305.4341204335071;221.4051009685587;0
285;2357;320;334.51240396945644;230.7950913525055;0
286;1857;180;305.5205141605187;225.95746360464784;0
287;2422;385;347.48952442629974;241.10437183277662;0
288;1618;419;324.3859924832607;258.0468126106074;0
289;2053;16;323.67791886696875;234.99473521912097;0
290;1597;440;320.00592194816335;254.51904615063324;0
291;1847;190;326.3561128892209;248.37437508866816;0
292;1770;267;324.2873541703869;250.14824412784262;0
293;2183;146;334.9986630647287;240.22936373471475;0
294;1944;93;310.0022747124549;226.20751956950383;0
295;2205;168;317.4608269465765;220.66394627717014;0
296;1933;104;293.6236750190279;209.55309425077297;0
297;1770;267;290.87670480815655;215.02422813165174;0
298;2411;374;336.5469837927456;230.1647778333992;0
299;1618;419;314.9710805743889;248.14908470640881;0
300;2270;233;345.4035676741567;246.70631473436987;0
301;2205;168;335.10264717557266;239.21047523585844;0
302;1923;114;310.0034403597806;227.28566807053858;0
303;2335;298;336.5071777471186;234.0203663495349;0
304;2205;168;324.18477522067985;227.73271241148396;0
305;1857;180;302.8849476154583;223.18673980086643;0
306;1933;104;295.7948596892474;211.83562172459344;0
307;2248;211;311.0850124249985;211.7560387032036;0
308;1553;484;301.8457894065898;237.6840350171842;0
309;2346;309;346.9893959903989;244.47603168221426;0
310;2194;157;331.6501039216269;236.1449810458129;0
311;2205;168;326.0132763704383;229.65498285097357;0
312;2129;92;309.8354730459598;216.54498448421418;0
313;1781;256;296.4341852529648;220.30260500952713;0
314;1770;267;300.12802591412265;224.74997596100073;0
315;1814;223;302.11583296992046;224.58331158376257;0
316;2238;201;320.6622925476981;222.3372819091185;0
317;1390;647;317.76762589391035;262.78135029872624;0
318;2151;114;341.4111272605762;248.61169788932375;0
319;2238;201;341.34177483854694;244.07725047129293;0
320;1955;82;312.8539403010779;228.6413218549793;0
321;1912;125;301.36727002850137;218.7707197735527;0
322;1988;49;289.69466126852797;202.60207979511912;0
323;1738;299;286.2324519491095;211.78283410034587;0
324;2140;103;295.98731715256247;201.42256418602722;0
325;2009;28;273.8863183064416;184.90612950164368;0
326;1792;245;268.7449964700557;190.6293552633919;0
327;2183;146;283.77508972145574;186.3789404764022;0
328;1901;136;265.4550463333496;181.58094614531626;0
329;2118;81;266.92854947001086;172.00180841719092;0
330;1814;223;256.7193264078263;176.8587790441251;0
331;1575;462;270.8923986895432;204.01508580182747;0
332;2075;38;280.24294840784455;188.20412524927247;0
333;1923;114;266.1059893260289;181.13706570172272;0
334;1923;114;260.0238858129809;174.7430594444158;0
335;2281;244;283.7614483720233;181.33895854494762;0
336;1944;93;259.3195915003556;172.92572439780974;0
337;1564;473;267.96743528313243;201.5042268361136;0
338;1803;234;282.56983982062735;204.59906237553133;0
339;1358;679;303.8396111733667;249.78010405405215;0
340;1988;49;316.3821801440797;230.65818938223765;0
341;2390;353;347.07516647182126;242.3097903934531;0
342;2368;331;354.0366488752018;250.75647702264806;0
343;2183;146;335.5221248243696;240.77966968715776;0
344;1770;267;317.7511442952194;243.27684400266654;0
345;2118;81;320.0257159186712;227.82190647860307;0
346;1814;223;304.75961986137617;227.36267729016467;0
347;1640;397;311.6396560650546;243.51861278633947;0
348;2086;49;315.77385839103084;224.9930306162119;0
349;2086;49;299.83023889269805;208.23178960514412;0
350;1618;419;296.0949548169707;228.3049524998923;0
351;1879;158;302.45757236053447;221.6092427379978;0
352;2259;222;321.02955733897375;221.64645771533134;0
353;2031;6;290.3716900895012;201.10869983768075;0
354;2086;49;279.27473470350924;186.62215699599687;0
355;1760;277;271.5598354634538;195.22957061542576;0
356;2335;298;308.9188290662375;205.0172305568138;0
357;1564;473;295.5862576569094;230.5393990752125;0
358;1857;180;305.3004584375522;225.7261229728113;0
359;1662;375;309.3113323145798;239.94268268968642;0
360;2031;6;306.117918551751;217.66242719543058;0
361;1912;125;291.9185349033845;208.8374341291991;0
362;1792;245;289.340927630356;212.28148802165632;0
363;2292;255;317.60114125905613;216.34991773387952;0
364;1944;93;289.4509744957082;204.6023065211291;0
365;1586;451;294.3093021279404;228.0687535191168;0
366;1988;49;297.69680180913537;211.01458651729615;0
367;2314;277;319.5770134835267;217.298911610887;0
368;2086;49;293.20847096825463;201.27044383842156;0
369;1727;310;285.5463401675614;211.6256396633338;0
370;2107;70;291.2527282119981;198.13748350492105;0
371;1814;223;279.2123986958728;200.5053422187381;0
372;2325;288;312.06557326839135;208.83816676933446;0
373;2064;27;282.8607219234342;191.52024612463595;0
374;1857;180;271.7195149574393;190.42307982705157;0
375;1738;299;275.7508735793789;200.76373889114188;0
376;2064;27;275.9116498470803;184.2148113776998;0
377;2205;168;281.32076101146987;182.67054362744267;0
378;1640;397;273.17639120549944;203.08287280578145;0
379;1738;299;286.64623548093385;212.21783730046894;0
380;2075;38;287.30245927949767;195.6256623194719;0
381;2325;288;307.8659881286047;204.423218289046;0
382;2183;146;295.64646312680964;198.8591022615178;0
383;1879;158;277.1156733748951;194.9677591889923;0
384;1857;180;274.68653839610135;193.54225831385017;0
385;2086;49;272.7628494896202;179.77632895062635;0
386;2107;70;263.8423458216192;169.32144047913812;0
387;2379;342;292.7539923287356;185.76701757636306;0
388;1553;484;279.47893150300234;214.17015875956656;0
389;1455;582;308.0210077129371;249.20157221103642;0
390;2140;103;328.1909001258746;235.27761295284247;0
391;2781;744;405.54554146115714;283.7273641001908;0
392;3520;1483;550.2392297308263;397.94380561445837;0
393;1499;538;464.34188148700775;411.2824907940338;0
394;3074;1037;597.8563596729141;470.8746345279353;0
395;1401;636;531.2056959177701;486.6008598109891;0
396;1575;462;537.4648514749628;484.25792078137107;0
397;1597;440;534.528593843201;480.0428807069548;0
398;1445;592;537.2564164969262;490.70546349676863;0
399;1944;93;525.5688135320622;452.8287526875526;0
400;2444;407;545.8073237415522;448.4641095744523;2000
401;1770;267;496.49001764769935;431.18181342450447;2000
402;1314;723;500.6826059785805;458.97402166978975;2000
403;1423;614;520.0438444335821;473.7384005583812;2000
404;1521;516;528.6529091913594;477.76331479091635;2000
405;1803;234;520.3259190012416;454.5477610013053;2000
406;2086;49;497.3912786317854;415.9241647154667;2000
407;1607;430;475.3005877516386;417.26472045685085;2000
408;3824;1787;707.5344458287184;547.7156994609603;2000
409;2966;929;700.2222221841714;584.0284899884879;2000
410;1586;451;620.853787551068;571.3591099895842;2000
411;2672;635;679.5947741025342;577.4201471334334;2000
412;2661;624;683.2779663482859;581.8563235969159;2000
413;2422;385;653.7857558482168;563.1081023019715;2000
414;1412;625;610.1243946640661;569.0025687494028;2000
415;2248;211;618.4725940108101;534.9070860113644;2000
416;2086;49;566.5506977170976;488.63022067694874;2000
417;1662;375;535.5737439275482;477.8082948981917;2000
418;3357;1320;694.5527834141233;558.0170287174116;2000
419;3802;1765;825.6035055512218;672.9677878871819;2000
420;2053;16;680.7701867879231;610.3994271360217;2000
421;2879;842;742.044106280827;632.4566245516387;2000
422;1933;104;648.0236455200514;582.1274222133874;2000
423;2368;331;646.4929382812079;558.2105248597314;2000
424;2259;222;610.7177687817201;526.1904748730904;2000
425;2596;559;630.1290846468756;529.3151915518437;2000
426;2183;146;575.2573251334683;492.8089828326205;2000
427;2618;581;604.4662674552518;501.20812732475184;2000
428;2488;451;593.5763325756575;496.4264009128707;2000
429;1640;397;543.2032091480106;486.95721987354966;2000
430;1086;951;558.2175376612083;531.1517703617831;2000
431;4096;2059;843.458143830524;676.6611255654227;2000
432;1499;538;704.2135819326112;663.4553040830015;2000
433;2064;27;674.1165857439072;602.8405132179537;2000
434;1673;364;633.4062953478556;580.0937976733867;2000
435;1792;245;608.8542439906847;548.1801026568737;2000
436;3129;1092;723.3396702308287;599.9724738324096;2000
437;1781;256;626.4223032634326;567.2131906102753;2000
438;3617;1580;807.7340002813171;663.6690772188206;2000
439;2107;70;680.2935960733403;607.1291651027424;2000
440;1814;223;631.2017553323253;570.5454350929574;2000
441;1847;190;598.337012083486;534.3030127031519;2000
442;1749;288;571.2433593647336;510.84558292189934;2000
443;2075;38;544.3096131766869;465.81267026267085;2000
444;2020;17;500.96769879749024;423.06860642813075;2000
445;2727;690;559.6374417691578;448.49064391116593;2000
446;2781;744;589.042470543756;476.6343921101025;2000
447;1944;93;513.4588670773356;440.0977833377118;2000
448;1379;658;505.6381619666021;460.85037540078685;2000
449;1836;201;504.39039276653085;436.1027206007119;2000
450;2955;918;602.6319581476511;481.9976995911203;2000
451;1944;93;518.0746752578632;444.95029963006124;2000
452;706;1331;537.9537421903315;529.3359853795793;2000
453;1705;332;568.8083219120421;510.5420820100955;2000
454;1618;419;556.2714085592111;501.8237884853245;2000
455;1738;299;543.7507866058368;482.50723720100785;2000
456;2292;255;550.1647651172436;460.83988127710234;2000
457;1857;180;503.50331245799396;434.0932259173783;2000
458;1119;918;511.3415567999736;480.1795853538184;2000
459;2020;17;513.3322563846451;436.06724389155;2000
460;2118;81;485.94637366276254;402.25131590187857;2000
461;1629;408;462.61350183889897;402.7988096255092;2000
462;1955;82;449.45402779616995;372.2465420421274;2000
463;3292;1255;594.6442365310295;456.31829994287716;2000
464;1564;473;511.86278775571657;457.90703328165074;2000
465;2292;255;528.9931610472743;438.5825539214935;2000
466;2020;17;477.53272062233066;398.4318345003989;2000
467;1564;473;462.0441223749078;405.53356454797995;2000
468;3031;994;586.9156461440804;461.5779869719819;2000
469;1836;201;505.01659505951056;436.76103583179315;2000
470;1379;658;502.7664663778847;457.8314133716224;2000
471;2227;190;519.8688470480513;432.3236597171821;2000
472;2129;92;484.2576444255888;399.91188260126;2000
473;1401;636;470.13322300526556;422.3964652106638;2000
474;1564;473;482.66873486771414;427.2158494763149;2000
475;2259;222;497.980191012717;407.671482859523;2000
476;1662;375;465.8984538895547;404.55991306337796;2000
477;2086;49;454.37037814165285;370.6970642001991;2000
478;2618;581;499.3734315590564;390.7259152287516;2000
479;1792;245;445.87909777526704;376.8472566355372;2000
480;2564;527;497.1403219128142;391.14751790834316;2000
481;2498;461;500.24890914062985;397.80013525040573;2000
482;1445;592;466.4760745883283;416.2953604646528;2000
483;3129;1092;609.8360767761994;480.648183277543;2000
484;2727;690;609.1919904862478;500.58645153682465;2000
485;3378;1341;717.083113343539;580.6258371047461;2000
486;1944;93;602.9567308880568;534.1852811900084;2000
487;1738;299;571.6019667384393;511.7866829814361;2000
488;1542;495;560.5202463289711;510.18795126891837;2000
489;1944;93;542.335971997989;470.4557654337833;2000
490;1738;299;516.7546134569494;454.12664491628016;2000
491;1868;169;497.26578848195544;426.97172635282493;2000
492;1933;104;471.17775752316294;396.2125143192226;2000
493;2086;49;447.18637991933093;363.14465581262994;2000
494;2086;49;418.7272821802077;333.22611716380806;2000
495;2444;407;442.87404508522854;340.25220124344537;2000
496;1901;136;397.88255647083975;320.7996106488315;2000
497;2107;70;385.2108147395867;296.9139334441809;2000
498;1966;71;357.8666953334936;275.39832073521126;2000
499;1879;158;342.98740495330026;264.21752828423877;2000
500;1890;147;332.9049807881776;253.0539541619303;2000
501;1999;38;318.73981420904806;232.57262519412743;2000
502;2020;17;300.23497708344763;212.0418989851629;2000
503;1760;277;293.4367562694607;218.22838479609976;2000
504;1933;104;291.5275646154587;207.34949100599502;2000
505;2064;27;281.5795271027205;190.17334900542406;2000
506;2292;255;298.5742759733092;196.34731576681224;2000
507;2314;277;306.9539616529708;204.0285237890206;2000
508;2031;6;275.20921733758917;185.16866438054245;2000
509;1770;267;269.89080174910794;192.96212491572888;2000
510;1781;256;276.13813538043564;198.96573206661185;0
511;2411;374;322.72660564617814;215.63566234598215;0
512;1944;93;288.8362668970648;203.95607545588862;0
513;2086;49;281.72526354566025;189.19835398389924;0
514;2096;59;270.4180955889307;176.79851074733742;0
515;2259;222;282.46422353516493;181.10341448568624;0
516;1977;60;257.7370849406429;169.56975596323994;0
517;2031;6;245.55306523665598;153.9916839667409;0
518;2292;255;267.435351706568;163.61152358895606;0
519;1912;125;245.40085828039076;159.9342356281031;0
520;1890;147;243.15594494822807;158.70240366352184;0
521;1836;201;244.3536366024038;162.73074617175786;0
522;2129;92;252.2386561129763;155.99448463159044;0
523;1944;93;237.5074484460029;149.9950099047723;0
524;1857;180;235.98176810619776;152.8526280090797;0
525;2096;59;239.1379760217515;143.91428248440545;0
526;1738;299;235.7241385841399;158.68435081922397;0
527;1923;114;240.70046917194537;154.42869836025025;0
528;1933;104;236.61982054000634;149.62596518308357;0
529;1868;169;235.20422787533676;151.47111135612323;0
530;2216;179;254.67374391972976;154.0929102745877;0
531;1629;408;249.0416335812654;178.2745378674841;0
532;2107;70;262.54986360023895;167.9626771181999;0
533;1923;114;248.68564894841597;162.8233745355142;0
534;2064;27;243.25914115077353;149.88781505594142;0
535;1738;299;240.86512306208198;164.08897552680415;0
536;2162;125;258.00688834536805;160.3662159528228;0
537;1999;38;238.97022766671512;148.71229062398254;0
538;1923;114;232.11824315025677;145.40635818360326;0
539;2096;59;232.72951383745647;137.17718121373628;0
540;2270;233;249.89813156722255;146.3031639552852;0
541;1912;125;230.50481357824196;144.274291197639;0
542;1923;114;228.29878022932695;141.39102536929244;0
543;2086;49;227.88008106695204;132.5918800960265;0
544;1792;245;223.72193165058727;143.29741532497636;0
545;1912;125;227.9179846176626;141.55480434164528;0
546;2433;396;276.3834030396738;165.78768011863144;0
547;1738;299;254.54897905680127;178.47456772638083;0
548;2183;146;273.3143492279305;175.38175175243978;0
549;2064;27;254.06722189147257;161.2501563474455;0
550;2053;16;240.37208577637296;147.41680812387926;0
551;1879;158;232.84303695678807;148.4247311597003;0
552;1923;114;231.8707616600905;145.14618533496693;0
553;1836;201;232.68678668200988;150.46559625544626;0
554;2042;5;229.5574992163597;136.61172994540377;0
555;1781;256;227.64145399482484;147.98204137917483;0
556;2086;49;233.55248857371492;138.5551802954439;0
557;2031;6;218.8610785121068;125.93087741016353;0
558;1792;245;217.98929170839858;137.2707938472908;0
559;1781;256;228.20866230063007;148.57833729040595;0
560;1770;267;238.40017181439117;159.85659088179585;0
561;1977;60;239.4514911073295;150.34643936924385;0
562;2086;49;235.5873537428684;140.69439752455395;0
563;1977;60;222.95998671973808;133.00921680792976;0
564;2248;211;243.2448660333054;140.43691044526977;0
565;2031;6;220.48054662014505;127.63339516476789;0
566;1770;267;220.37438538570615;140.9064051490757;0
567;1879;158;227.24000721889092;142.53436656344945;0
568;1694;343;236.37626669397918;161.62633165264475;0
569;2096;59;246.6888638264922;151.85239530477384;0
570;1923;114;234.82070257936982;148.24740527574775;0
571;1727;310;239.9132721362707;163.6524142971051;0
572;1944;93;244.0980708410626;156.92361293547606;0
573;2162;125;251.84018256119367;153.8832688463831;0
574;1738;299;244.30371918138195;167.7039099086323;0
575;2183;146;264.04482838826544;165.63687086971495;0
576;1738;299;254.41918851853518;178.33812126307544;0
577;1955;82;256.27705906613113;169.1630620951635;0
578;1814;223;254.27622417249265;174.29038951467174;0
579;2031;6;249.6157707669823;158.2627333704173;0
580;1803;234;245.3550353396971;165.4758063827585;0
581;1857;180;249.30496228760052;166.85906291773387;0
582;1749;288;255.01110989784064;178.39629502080683;0
583;1814;223;262.22259536633896;182.64426692358714;0
584;1629;408;273.6137070736098;204.1067176927693;0
585;2042;5;275.72250616764467;185.1441731506008;0
586;1738;299;271.2077030250815;195.98758523149596;0
587;2118;81;279.3272946068972;185.03638663802016;0
588;1770;267;269.77695992888846;192.84244505344682;0
589;2259;222;296.2720694362417;195.61935504835665;0
590;1933;104;272.06961915311535;186.8937021866084;0
591;1803;234;269.99562522680236;191.38001626407427;0
592;2086;49;270.9019652168165;177.8200147151148;0
593;2031;6;252.65346214157967;161.45620378986578;0
594;2227;190;264.80028688535486;164.17466057178333;0
595;1966;71;243.6276695513257;155.30088337447063;0
596;2086;49;239.85128290416114;145.17698971975915;0
597;1803;234;234.09308871352096;153.63632403216303;0
598;1988;49;233.63823009039817;143.6709598386237;0
599;1455;582;247.34748111547057;185.41658271113573;0
600;2107;70;268.6965014970402;174.4245272148371;0
601;1738;299;261.9820843974382;186.2888579562812;0
602;2488;451;322.5482505756148;211.49944291282583;0
603;1879;158;287.99429407480136;206.4042578735091;0
604;2096;59;285.2259640932291;192.3657571236511;0
605;1890;147;271.06739376146976;188.04520882616052;0
606;2086;49;268.03193930335067;174.8028079855738;0
607;2140;103;264.161301646121;167.96444532028104;0
608;1836;201;252.32480137320357;171.11068862311143;0
609;1890;147;252.77470414602274;168.8144325637675;0
610;1749;288;256.69395415766746;180.16543898626583;0
611;1770;267;265.58488999863295;188.43539717805004;0
612;1988;49;263.5872581985309;175.15583554204528;0
613;2259;222;281.05049260935607;179.61718453804096;0
614;1966;71;256.917925368976;169.27269077251324;0
615;2303;266;282.1197025115358;178.4848154608453;0
616;1847;190;260.91898752205157;179.58149970266956;0
617;2422;385;307.5771095002069;199.1451663976534;0
618;2183;146;291.10402822376443;194.0837219788293;0
619;1977;60;268.90829034414924;181.31384369513125;0
620;1803;234;265.19344736131507;186.3315728670235;0
621;2194;157;281.6094024325951;183.53808973683078;0
622;1966;71;260.2923629442411;172.82017642856118;0
623;1847;190;256.0438452190056;174.45635010203154;0
624;1944;93;253.39623162091215;166.69860247326662;0
625;1618;419;260.35036519476256;190.7273069996222;0
626;1944;93;267.3994593341696;181.4199444282296;0
627;2455;418;313.7586281316122;203.95137829220772;0
628;1988;49;276.9407332340603;189.19410416914033;0
629;2346;309;305.2576436577619;200.60418948636507;0
630;1716;321;285.4328738785093;212.0704571543303;0
631;1770;267;293.0432157390926;217.30184218725122;0
632;1640;397;302.9810279451256;234.41595245513207;0
633;1944;93;304.9990949700963;220.94776650702426;0
634;1662;375;305.1989488753832;235.61940779206955;0
635;1879;158;308.75259137505634;228.22708324044387;0
636;1901;136;301.47069533236805;219.44355150325873;0
637;2064;27;291.9880042554178;201.1155942172341;0
638;684;1353;329.02282847267185;310.8188709584499;0
639;2020;17;367.57582274124434;282.8361213433594;0
640;2194;157;364.66383962303064;270.8517288344681;0
641;1075;962;372.69120913628433;336.67537370737585;0
642;706;1331;444.7693982777764;431.37295716381624;0
643;1923;114;475.3836948413331;401.1469612434528;0
644;2270;233;477.07769835237923;385.1329649345525;0
645;1727;310;443.7834227833954;377.9774444645951;0
646;1336;701;453.973619452108;408.74149737272893;0
647;2238;201;479.15383223367263;388.95659286104046;0
648;1390;647;461.1647332288397;413.53215544570327;0
649;1564;473;475.03986897243453;419.19575968896964;0
650;1249;788;493.0848524152457;454.31997305192493;2000
651;1825;212;499.23008133737096;431.24188038031303;2000
652;1368;669;498.4764615119767;453.88551082028323;2000
653;2020;17;490.70286122860614;412.2773669326372;2000
654;1770;267;465.34672345770525;398.44142722476704;2000
655;1684;353;457.0349565314197;394.1136722509797;2000
656;2335;298;480.08389214631353;384.9599891794578;2000
657;695;1342;486.7843809314498;476.1066568766523;2000
658;1249;788;542.0639172422757;505.81078479316164;2000
659;2162;125;552.10196461293;469.5430910033367;2000
660;1879;158;510.07367065443964;439.87232043159037;2000
661;1944;93;481.8204290822398;406.83686134286745;2000
662;1716;321;462.922316207973;398.66192216735624;2000
663;1358;679;470.8553824924634;425.3607867228461;2000
664;1781;256;476.1467397928327;409.23118798733697;2000
665;2216;179;476.5090711946768;387.30440817901916;2000
666;1640;397;449.2898565164381;388.2277978762554;2000
667;2183;146;453.8336797053487;365.1584837928025;2000
668;2086;49;420.4604372711575;335.04815200301175;2000
669;2444;407;444.4421377865641;341.90070895510587;2000
670;2270;233;426.0887634561364;331.5292128641434;2000
671;2911;874;506.5007511409178;383.1930973532726;2000
672;1575;462;448.46932071867013;390.6985166529609;2000
673;1857;180;443.1377477814681;370.6319912574408;2000
674;1792;245;428.5857206989125;358.6670397091131;2000
675;2086;49;414.87372407021235;329.17494068919757;2000
676;2031;6;382.91362491369966;298.396374909274;2000
677;1738;299;368.67562579299886;298.45386301315267;2000
678;2335;298;397.7564605026087;298.41063796428097;2000
679;2781;744;459.87953859643693;340.84772006292087;2000
680;2075;38;398.00483224927336;312.0050800569284;2000
681;1749;288;379.92771698279205;309.71888195626855;2000
682;2009;28;367.08907262438447;282.88851224614774;2000
683;2335;298;384.3604966020854;284.32770155603845;2000
684;2064;27;347.82906719282755;259.82030140784434;2000
685;1738;299;335.47600852870227;263.5517012737639;2000
686;2238;201;354.1995477861313;257.5943963905483;2000
687;1379;658;348.5707871375102;295.72826340097225;2000
688;2433;396;409.0692719862026;305.27795260087964;2000
689;1716;321;375.5179592070288;306.7752904484149;2000
690;2107;70;373.1411036263362;284.2252627866611;2000
691;1586;451;362.8349822589035;300.1085710926934;2000
692;347;1690;428.309467107649;432.47918336957974;2000
693;2086;49;478.3984609487324;395.95735638200074;2000
694;2683;646;530.1723589768438;419.77094148847686;2000
695;2259;222;491.57290086290516;400.93561372766953;2000
696;2433;396;499.61357697119996;400.4655552774153;2000
697;2194;157;465.8989273641867;377.2783595367091;2000
698;3292;1255;598.9747554200945;460.87089672368916;2000
699;749;1288;549.8575313266593;539.6450970357188;2000
700;2248;211;593.2067559854444;508.34556398469795;2000
701;2433;396;592.0534993178411;497.6459864623458;2000
702;1760;277;539.2353960146321;476.63208298974143;2000
703;2401;364;560.3000853605092;465.9052179430994;2000
704;2020;17;501.04734784650014;423.15234004375657;2000
705;1249;788;496.4899929993306;457.89973623006546;2000
706;2411;374;545.5722468600216;449.90928516053543;2000
707;1618;419;504.08917573049564;446.9655437166749;2000
708;2162;125;501.4581508641767;416.30215860080114;2000
709;869;1168;506.4830424195048;487.8924292102486;2000
710;1738;299;531.7610801913986;469.9026740473678;2000
711;2086;49;510.60613411045244;429.81670509047564;2000
712;2803;766;576.0373733705487;461.83416174852556;2000
713;2509;472;562.6168569752119;462.8023368200946;2000
714;1716;321;511.0877254165971;449.29735236103795;2000
715;3400;1363;676.0085227636807;536.3166521361771;2000
716;1923;114;565.7010908628423;496.09601859939835;2000
717;1553;484;546.5565038120258;494.9440168280271;2000
718;1412;625;551.4605301621;507.33030093964356;2000
719;2792;755;641.2145795543274;530.9178913263441;2000
720;1988;49;558.3370005491533;485.02094929526373;2000
721;1466;571;540.6626288359935;493.2094303147624;2000
722;695;1342;579.946791943367;574.0466274276422;2000
723;2129;92;606.2282821415597;528.1374248154858;2000
724;1010;1027;596.8360415659407;575.64814626163;2000
725;1694;343;609.1257565387548;553.4911799509986;2000
726;2053;16;577.9453708985945;502.3015437651892;2000
727;2379;342;579.3257188501802;487.0347300732664;2000
728;2411;374;570.6466143836126;476.26951768533627;2000
729;1770;267;520.4201075549759;456.33908742958994;2000
730;2422;385;545.762211132783;449.54488862677186;2000
731;1640;397;502.8557055429012;444.54061351946024;2000
732;2086;49;488.77885553765395;406.87007889855926;2000
733;2618;581;530.5049111078193;423.4538809082203;2000
734;1727;310;476.7634445447053;412.6487493931517;2000
735;1727;310;467.4642547042107;402.87267802237534;2000
736;2183;146;466.4374615732638;378.4086134488158;2000
737;2259;222;455.9753572190157;363.51255502511907;2000
738;1792;245;422.4585403874718;352.2256450227268;2000
739;1901;136;408.1872275979565;331.63272644913377;2000
740;2433;396;439.96962868618834;337.7629429777877;2000
741;2162;125;407.4754247927302;317.49980555133175;2000
742;2086;49;379.4440835232716;291.928395498824;2000
743;2259;222;381.54813131780327;285.2685483084598;2000
744;1097;940;384.1788551644236;347.6239246600351;2000
745;1662;375;414.2198933485319;350.2311699305079;2000
746;2292;255;436.3243866649319;341.161534699031;2000
747;1760;277;404.56062393958416;335.05091234674234;2000
748;2335;298;429.25287578273645;331.52225402800497;2000
749;2064;27;388.4459816896071;302.5201345967664;2000
750;1792;245;369.96680573310556;297.0420265399315;2000
751;2075;38;360.3044618653766;272.3713573456523;2000
752;2520;483;401.09311938807014;292.43122807463783;2000
753;1760;277;362.6219976809601;290.9615873056247;2000
754;2401;364;400.50701067766306;297.9176266098509;2000
755;2086;49;362.59112812764175;274.2111859803413;2000
756;1847;190;343.3037036137432;266.19107302983264;2000
757;1738;299;340.9588677295075;269.31573274127715;2000
758;1868;169;338.2124947285556;259.7618534325841;2000
759;1564;473;342.70096793675356;280.07024834376654;2000
760;1738;299;352.9036632087468;281.8730818348364;2000
761;2151;114;357.84199028991145;265.8851692791377;2000
762;2086;49;335.0231247803032;245.2294388716008;2000
763;2118;81;321.7061721299143;229.58853993144834;2000
764;1879;158;303.5622625890862;222.77058374750087;2000
765;2086;49;297.9175407164903;206.22100434297698;2000
766;1738;299;289.3469967690429;215.05709916745536;2000
767;1912;125;289.67631879568455;206.48023258007865;2000
768;1770;267;288.2321165410433;212.2440199534045;2000
769;1510;527;304.06366874038645;242.22077995784215;2000
770;2314;277;346.4339116710349;245.53308662852385;0
771;2031;6;310.9291721158376;222.7204117115216;0
772;1933;104;295.3935250618322;211.4137058342338;0
773;1684;353;296.073816519358;224.898114802402;0
774;2053;16;295.1492486278512;205.00305624979228;0
775;2140;103;290.1524560756052;195.28847946409778;0
776;1749;288;279.4782384238054;204.11814808656464;0
777;1988;49;277.08425985150336;189.34499112593943;0
778;2292;255;297.8613686693625;195.5978491139452;0
779;1977;60;270.21138930712357;182.6837682459504;0
780;1792;245;266.8323719747378;188.6186474606218;0
781;2096;59;269.919184399908;176.274014369134;0
782;1792;245;261.31596358597943;182.8193463339784;0
783;2118;81;267.9943503292427;173.12226573074236;0
784;1575;462;267.6766537822068;200.63443089924309;0
785;1901;136;277.72370882269354;194.47877081360087;0
786;1684;353;281.4991511880119;209.5760307361151;0
787;2194;157;301.6142146056461;204.56878971362795;0
788;1912;125;280.6497946315892;196.99080974090148;0
789;2086;49;275.73076657143787;182.89644690843468;0
790;1923;114;261.53805709541246;176.3348805362028;0
791;1618;419;268.6436079876031;199.44584429465968;0
792;2618;581;351.98997749401025;235.7843353142159;0
793;1749;288;314.3300725526527;240.75725576048106;0
794;2368;331;352.70049537574505;249.35180283091142;0
795;1727;310;326.92646445726524;255.12782160891987;0
796;1944;93;322.82429246481956;239.68707669378466;0
797;2227;190;332.12790224168924;234.95497415151945;0
798;1455;582;325.90898472273625;268.00688137518426;0
799;1640;397;346.619162716622;280.2919402918334;0
800;2248;211;370.00038066927823;273.69270788308734;0
801;1923;114;339.67978692377204;258.48387856088857;0
802;2281;244;355.8310731865487;257.10446155508964;0
803;1553;484;340.87387457877054;278.71356045460493;0
804;1923;114;344.00086910204675;263.0265546970235;0
805;1944;93;329.62215682984254;246.8335494877832;0
806;1901;136;317.48392586579246;236.27797334608954;0
807;2422;385;356.37163559750564;250.4419758845572;0
808;1727;310;327.86469701562936;256.1141686574565;0
809;2020;17;320.49546919300263;233.3413906900797;0
810;2009;28;301.3565278761313;213.78506776721497;0
811;1966;71;286.3237342804951;200.18648988462306;0
812;2140;103;286.00718815854316;190.93063370513514;0
813;1760;277;275.26782761382714;199.127716209408;0
814;1988;49;272.7893585495602;184.82983847517866;0
815;2053;16;260.6654010570353;168.75080623944737;0
816;1879;158;251.20365554405402;167.72691993092857;0
817;1727;310;256.6778718569316;181.27673708036394;0
818;2248;211;284.78520577996477;184.10752402509118;0
819;1607;430;275.79288653030494;207.5258550703206;0
820;2162;125;295.3898473950146;199.66624982552815;0
821;1857;180;278.7301871320748;197.79327365166833;0
822;2020;17;270.3029219232128;180.57486663722372;0
823;2096;59;262.99648801182667;168.99630790986907;0
824;1988;49;246.85744966459117;157.56808810892917;0
825;2053;16;237.20319778015858;144.08541305093593;0
826;1727;310;236.3313485142201;159.88680228418013;0
827;2140;103;251.32418175676827;154.4690115904487;0
828;2531;494;301.1562573618147;186.80529620088214;0
829;1531;506;281.2923629324665;217.20479180079812;0
830;1977;60;288.806911410443;202.23290686738878;0
831;2216;179;298.36072472559243;200.0202490704946;0
832;1738;299;284.0104582592758;209.44689201616177;0
833;2053;16;281.85150636930996;191.02337849081303;0
834;2325;288;303.9051375861701;200.25924720597368;0
835;2053;16;273.94436954660455;182.71074747207143;0
836;2194;157;278.4932216919918;180.26210485568367;0
837;1944;93;258.39282194896816;171.9514282027614;0
838;2216;179;272.29966120586084;172.62272075487937;0
839;1760;277;259.5115401618648;182.56341401631943;0
840;1847;190;264.429140285822;183.27166030047948;0
841;2259;222;288.0351919659179;186.96007360519573;0
842;2281;244;294.2757427891406;192.39244754755805;0
843;1684;353;279.7036046837869;207.6884049239811;0
844;2379;342;325.7736446558304;220.47998540741148;0
845;1792;245;299.3608236781555;222.8152248924199;0
846;1923;114;295.8932423290164;212.45187014076086;0
847;2009;28;283.3784387622576;194.8850253654503;0
848;2064;27;270.8522692169555;178.8959753306455;0
849;2238;201;281.34252929153115;181.0011205372507;0
850;1847;190;263.08458805819134;181.85815667656016;0
851;1923;114;260.64447630352043;175.39547508831635;0
852;2096;59;258.5389628808855;164.31019174657195;0
853;1673;364;255.99518244391385;183.3282687230889;0
854;2086;49;263.97241245506257;170.53510027327093;0
855;2096;59;254.3559922212471;159.91270977105464;0
856;1738;299;249.49281990749301;173.15911836428754;0
857;2086;49;255.22056528215685;161.33444042483157;0
858;1923;114;242.98120830987247;156.8263984796095;0
859;2314;277;272.9411861479566;168.27150338631336;0
860;1684;353;258.94446458682717;185.8646935399978;0
861;2086;49;266.15532858668803;172.82996082190277;0
862;1694;343;262.4494784773867;189.0366312198168;0
863;1716;321;275.4775188546855;201.60457110364376;0
864;2086;49;279.7014949916377;187.07080242710626;0
865;2259;222;291.30483693203917;190.39739267214375;0
866;1618;419;280.74618811853486;212.16906956051102;0
867;1955;82;285.3928926182795;199.77201531665284;0
868;1716;321;284.71668217147476;211.3175376674478;0
869;2194;157;303.11300280090455;206.14443884197658;0
870;1499;538;299.27413377689277;237.74973038083596;0
871;2009;28;305.15046482253126;217.7735655826611;0
872;2086;49;293.6169710763669;201.6998926700267;0
873;1705;332;286.8357961306502;214.10942670145275;0
874;1564;473;303.41124876396805;238.76567177750485;0
875;1749;288;316.89589173882825;243.4546554177425;0
876;1705;332;322.77107974976445;251.88754537795748;0
877;2053;16;318.377086091831;229.42206486577106;0
878;2064;27;300.575784048242;210.14377297379286;0
879;1770;267;291.3850589704768;215.55865173819353;0
880;2107;70;294.637585293846;201.69592300122272;0
881;1792;245;283.1947490637701;205.82012081063007;0
882;2064;27;280.2633095478245;188.7896331143796;0
883;1847;190;269.78759365592947;188.90490615110534;0
884;1738;299;274.4442920533903;199.3901531843334;0
885;1923;114;275.7329889774577;191.25775764296833;0
886;1553;484;284.20441163001107;219.13797120078087;0
887;3107;1070;437.09086720067205;300.1724501340398;0
888;1988;49;359.75120272859874;276.2512644069884;0
889;1010;1027;380.0559662317984;347.7511439872752;0
890;1379;658;426.162134372324;377.2986540837252;0
891;2770;733;526.2396082183976;411.17497274241805;0
892;2325;288;493.37358281316114;399.44402295742583;0
893;1390;647;470.1905005940215;423.0207826757662;0
894;2086;49;470.2583042540566;387.3997557542647;0
895;1738;299;445.27435425541245;378.98073139671567;0
896;934;1103;471.64543782226053;447.9349474541713;0
897;2488;451;547.7279861365167;448.2268572204407;0
898;2661;624;572.0907098726441;464.9671565327797;0
899;1966;71;502.4978664236815;427.44647495822926;0
900;1738;299;479.73964918007886;415.2134773431598;2000
901;2911;874;578.5217034974232;458.9074318819065;2000
902;1684;353;509.07364346630976;448.8210097979154;2000
903;2488;451;548.4905554706799;449.0285326743044;2000
904;2433;396;541.003650071614;443.97819622913255;2000
905;2357;320;526.0648587755949;432.17074896921514;2000
906;1445;592;496.05635886897613;447.3925824007185;2000
907;2194;157;506.2856022751828;419.7361459816024;2000
908;2900;863;580.8809339981038;461.9517511262117;2000
909;2053;16;499.1640506208164;419.48015578085824;2000
910;2086;49;467.21114452220206;384.1963314207765;2000
911;2194;157;451.89719115307247;362.55858557117875;2000
912;966;1071;456.1741137145685;430.0291964691617;2000
913;2086;49;476.2899356372228;393.74070156733677;2000
914;2151;114;454.118304136349;367.09872998949515;2000
915;2009;28;416.47172929409516;334.8036128476385;2000
916;1738;299;400.0086842277585;331.3937449573872;2000
917;1814;223;393.89635890060845;321.0705311519217;2000
918;1379;658;403.20007384851806;353.15905199459587;2000
919;2238;201;431.31806913820617;338.66771370939625;2000
920;1738;299;403.3342344467626;334.88983621326327;2000
921;1944;93;391.46964998144955;311.85270895485723;2000
922;2042;5;368.4516345360618;282.62864143534705;2000
923;2618;581;423.5793534304206;311.0449612986473;2000
924;2411;374;419.1850363789752;317.0406792702047;2000
925;1749;288;384.2614905217441;314.27490029208997;2000
926;1684;353;384.5989560005095;317.96300502617663;2000
927;1966;71;375.98209840231925;294.44271883320744;2000
928;2107;70;362.52735732335276;273.0672218014734;2000
929;2759;722;435.0021037803621;315.82272448704737;2000
930;1738;299;383.67321584773765;314.2205602501857;2000
931;1923;114;374.55915812472426;295.15193546445374;2000
932;1390;647;380.43389567846714;328.66127494402957;2000
933;3596;1559;599.5029090981718;445.83639161602673;2000
934;1412;625;509.1971732723296;462.8995924145004;2000
935;1053;984;538.8926805797269;512.5282026607384;2000
936;1923;114;545.2281047289282;474.57313574066814;2000
937;1466;571;531.6709565433624;483.75664662250927;2000
938;2542;505;586.0832463963756;485.7798231346512;2000
939;1673;364;532.6606840218078;474.18174474087493;2000
940;760;1277;560.8532785748994;550.6406261941249;2000
941;3270;1233;745.1088316026093;615.6272332232559;2000
942;1466;571;653.0659463628718;611.3770205353268;2000
943;2086;49;632.3628016453858;557.8173042938671;2000
944;2325;288;619.5779587476835;532.1204181706416;2000
945;1890;147;563.4694888088798;495.442283106771;2000
946;1803;234;535.5409196075694;470.5430180489833;2000
947;2379;342;551.993468495118;458.300825853842;2000
948;1238;799;527.199665456094;490.7483662487142;2000
949;2107;70;531.4733326252;450.6770932726462;2000
950;2390;353;536.4294147677477;441.3745129609656;2000
951;1662;375;494.90419756570907;435.053130774207;2000
952;1119;918;512.167677007767;481.048070700473;2000
953;3237;1200;680.6162838432642;549.5196830147137;2000
954;2140;103;586.6528282391438;506.9939989180743;2000
955;1325;712;565.468702901618;526.5183799734958;2000
956;2042;5;553.1987451339842;476.84996283316286;2000
957;1499;538;532.2506648773214;482.67377589667115;2000
958;1716;321;528.1896259459156;467.2762734303215;2000
959;1662;375;517.1959565759213;458.48805691314806;2000
960;1423;614;519.6256099566117;473.2987181595149;2000
961;1010;1027;549.6403602278751;526.0321735728944;2000
962;2846;809;664.8360518205747;552.9814903754759;2000
963;2259;222;606.2175195914375;521.4594436730497;2000
964;1043;994;589.7089985618233;566.4633061803783;2000
965;1847;190;594.823820998444;530.6096579727232;2000
966;2292;255;591.5630157465597;504.3611191181781;2000
967;1770;267;544.5965032132056;481.7552982497802;2000
968;1749;288;526.0193681801244;463.3024127021821;2000
969;1705;332;511.9780346252229;450.79742101626;2000
970;3074;1037;631.8639825470948;506.62623806233046;2000
971;3150;1113;690.5041142905771;564.3761201516323;2000
972;2053;16;587.3132462629031;512.149822994334;2000
973;803;1234;591.7317291972143;580.8974588996356;2000
974;2227;190;625.7828304815679;543.6691294806227;2000
975;1705;332;581.1438152672955;523.5101647681824;2000
976;1618;419;567.432093023488;513.5568157426412;2000
977;2238;201;569.3607438621337;483.78949995762775;2000
978;2194;157;537.6097787091779;452.6666904378537;2000
979;2259;222;519.8838764395465;430.69843420567713;2000
980;1738;299;482.5383736892064;418.1557261860888;2000
981;1999;38;460.83088629952596;381.95041893027087;2000
982;2227;190;454.56360096089514;363.66942665119745;2000
983;2303;266;449.42281666496785;354.36757649394053;2000
984;3161;1124;560.9992731498373;427.6659025421367;2000
985;3476;1439;667.9842436512465;523.9834356333618;2000
986;3063;1026;693.3167547088514;571.794537001613;2000
987;1792;245;601.7116747017366;540.6712477633641;2000
988;2009;28;565.8529553921635;491.84541464304374;2000
989;1564;473;542.4383882119575;490.05061324846815;2000
990;1923;114;525.8832803915388;454.23626912956644;2000
991;2303;266;527.3671027003586;436.30900540294107;2000
992;1901;136;480.5516527335416;407.7081477455181;2000
993;1977;60;452.7592769795922;374.59308605546875;2000